Account,Dependency 1,Fraction 1,Building,Parallelism,Hours run0_unit0,Hours run0_unit1,Hours run0_unit2,Hours run0_unit3,Hours run0_unit4,Hours run0_unit5,Hours run0_unit6,Hours run0_unit7,Hours run0_unit8,Hours run0_unit9,Hours run0_unit10,Hours run0_unit11,Hours run0_unit12,Hours run0_unit13,Hours run0_unit14,Hours run0_unit15,Hours run0_unit16,Hours run0_unit17,Hours run0_unit18,Hours run0_unit19
A.211.,None,0,A.211.,1,184293.5699,160151.1122,147522.6873,139171.3165,133020.4732,128197.2153,124255.9093,120939.8741,118088.4569,115594.7912,113384.3903,111403.3801,109611.6061,107978.3852,106479.774,105096.7506,103813.9665,102618.869,101501.0683,101361.4634
A.212.13,A.211.,0.5,A.212.,1,28910.70488,25123.40254,23142.34229,21832.2368,20867.3349,20110.69545,19492.41054,18972.21378,18524.90311,18133.71403,17786.96158,17476.19435,17195.1132,16938.90476,16703.81296,16486.85378,16285.61946,16098.1408,15922.78793,15900.88768
A.212.140,A.212.141,0.5,A.212.,3,108452.3601,94245.10095,86813.5748,81898.99273,78279.36846,75440.9965,73121.63216,71170.22468,69492.23383,68024.77119,66724.00313,65558.22596,64503.80981,63542.69835,62660.80149,61846.92525,61092.03751,60388.7512,59730.9522,59648.79807
A.212.141,A.212.13,0.9,A.212.,3,178393.6611,155024.0915,142799.9485,134715.9355,128762.0031,124093.1553,120278.0249,117068.148,114308.015,111894.1807,109754.5428,107836.9519,106102.5392,104521.6036,103070.9684,101732.2206,100490.5031,99333.66506,98251.64923,98116.51362
A.212.142,A.212.141,0.5,A.212.,3,8045.904657,6991.891147,6440.558278,6075.953407,5807.419355,5596.845143,5424.775266,5280.003511,5155.516091,5046.647419,4950.145547,4863.65843,4785.433006,4714.129706,4648.703209,4588.323051,4532.319154,4480.143483,4431.342443,4425.247562
A.212.149,A.212.141,0.9,A.212.,3,97997.50606,85159.83277,78444.70892,74003.89467,70733.20374,68168.45205,66072.67543,64309.38447,62793.15266,61467.15405,60291.78059,59238.38483,58285.61486,57417.15495,56620.27333,55884.85511,55202.73887,54567.24966,53972.86277,53898.62833
A.212.15,A.212.141,1,A.212.,3,944145.3798,820462.335,755766.2687,712981.7691,681470.6842,656760.8875,636569.3755,619581.1574,604973.2013,592198.0246,580874.028,570725.2112,561545.8616,553178.7873,545501.3256,538416.0257,531844.2575,525721.7119,519995.1618,519279.9589
A.212.21,A.212.141,1,A.212.,3,2771.05004,2408.042485,2218.160671,2092.58892,2000.104441,1927.581623,1868.319892,1818.459771,1775.585678,1738.090759,1704.855029,1675.068431,1648.127201,1623.569986,1601.036771,1580.241541,1560.953517,1542.983954,1526.17663,1524.077522
A.212.22,A.212.141,1,A.212.,3,283.6135366,246.4601633,227.025995,214.1738819,204.7082102,197.2855897,191.2202249,186.1171034,181.7289931,177.8914346,174.4897988,171.4411774,168.683776,166.1703755,163.8641289,161.7357628,159.7616575,157.922495,156.2022862,155.9874451
A.212.23,A.212.141,1,A.212.,3,16221.46119,14096.44978,12984.89985,12249.81486,11708.41959,11283.87797,10936.96548,10645.08911,10394.10828,10174.61662,9980.057844,9805.689955,9647.978582,9504.222998,9372.31572,9250.582437,9137.672195,9032.480094,8934.091633,8921.803656
A.212.24,A.212.141,1,A.212.,3,9081.156497,7891.524996,7269.253134,6857.735221,6554.649384,6316.980974,6122.771179,5959.371907,5818.866919,5695.990314,5587.071722,5489.456466,5401.16592,5320.688155,5246.84335,5178.694187,5115.484372,5056.595353,5001.515172,4994.636073
A.212.25,A.212.141,1,A.212.,3,2207.230309,1918.083139,1766.836179,1666.814247,1593.147391,1535.380639,1488.176768,1448.461581,1414.310989,1384.445083,1357.971757,1334.245775,1312.786221,1293.225611,1275.277182,1258.713114,1243.349584,1229.03625,1215.648677,1213.97667
A.219.,A.212.141,1,A.212.,3,0,0,0,0,0,0,0,0,0,0,0,0,0,0,0,0,0,0,0,0
A.212.3,A.212.141,1,A.212.,3,237052.8339,205998.9127,189755.2428,179013.0551,171101.3583,164897.306,159827.6893,155562.3449,151894.6286,148687.0804,145843.8896,143295.7589,140991.0388,138890.262,136962.6309,135183.6777,133533.6603,131996.4323,130558.6294,130379.0587
A.213.13,A.211.,0.9,A.213.,1,9210.222272,8003.683154,7372.567265,6955.200661,6647.807221,6406.760953,6209.790956,6044.069374,5901.567462,5776.944475,5666.47788,5567.475268,5477.929895,5396.308341,5321.414018,5252.296286,5188.188102,5128.462124,5072.599118,5065.622249
A.213.141,A.213.13,0.9,A.213.,1,3393.968836,2949.358918,2716.792581,2562.9929,2449.718353,2360.892753,2288.309268,2227.24083,2174.728846,2128.805249,2088.098285,2051.615802,2018.618313,1988.540753,1960.94218,1935.472281,1911.848402,1889.839367,1869.253837,1866.68286
A.213.142,A.213.141,0.5,A.213.,1,8535.868737,7417.669933,6832.763051,6445.955171,6161.068447,5937.671091,5755.122832,5601.535044,5469.466829,5353.968481,5251.590022,5159.836178,5076.847133,5001.201741,4931.791026,4867.733953,4808.319638,4752.966674,4701.193842,4694.727805
A.213.143,A.213.141,0.9,A.213.,1,4275.34834,3715.277707,3422.316236,3228.576328,3085.885522,2973.992809,2882.560124,2805.632829,2739.484011,2681.634519,2630.356367,2584.399751,2542.833147,2504.944748,2470.179103,2438.094928,2408.336165,2380.611605,2354.680221,2351.441587
A.213.144,A.213.141,0.9,A.213.,1,567.8267237,493.4414229,454.5319963,428.8005965,409.8492396,394.9883048,382.8447511,372.6277184,363.8422198,356.1589892,349.3485254,343.2448368,337.7242039,332.6920887,328.0747194,323.8134872,319.8611027,316.178889,312.7348345,312.304698
A.213.145,A.213.141,0.9,A.213.,1,250.9822802,218.1036015,200.9054384,189.5320297,181.1554342,174.586826,169.2193139,164.7033338,160.8200991,157.4240723,154.413813,151.7159518,149.2758042,147.0515838,145.0106832,143.1271971,141.3802232,139.7526661,138.2303766,138.0402541
A.213.146,A.213.141,0.9,A.213.,1,257.4085298,223.6880124,206.0495007,194.3848828,185.7938096,179.0570161,173.5520722,168.9204631,164.9378005,161.4548206,158.3674853,155.600547,153.0979209,150.8167507,148.7235941,146.7918825,145.0001783,143.3309487,141.7696818,141.5746914
A.213.147,A.213.146,0.9,A.213.,1,337.407063,293.2067377,270.0864533,254.7966551,243.5356112,234.7051279,227.4893337,221.4182933,216.1978816,211.6324461,207.5856155,203.9587562,200.6783531,197.688231,194.9445542,192.4124969,190.0639592,187.8759591,185.8294751,185.5738847
A.213.149,A.213.143,0.9,A.213.,1,4987.593184,4334.218477,3992.451556,3766.435856,3599.973704,3469.440402,3362.775634,3273.032759,3195.863984,3128.377149,3068.556395,3014.943709,2966.452383,2922.252026,2881.694654,2844.265468,2809.549091,2777.205802,2746.95442,2743.176251
A.213.21,A.213.141,1,A.213.,1,2034.032108,1767.573902,1628.195074,1536.021721,1468.135398,1414.90152,1371.401668,1334.802875,1303.332032,1275.809661,1251.413658,1229.549421,1209.773767,1191.74805,1175.208008,1159.943699,1145.785723,1132.595536,1120.258466,1118.71766
A.213.22,A.213.141,1,A.213.,1,7040.734065,6118.397903,5635.942756,5316.887778,5081.901542,4897.634255,4747.060975,4620.375479,4511.440207,4416.17244,4331.726495,4256.044167,4187.591405,4125.195988,4067.943188,4015.106291,3966.098931,3920.44154,3877.737187,3872.403736
A.213.24,A.213.141,1,A.213.,1,757.0839113,657.9059189,606.0279433,571.7202435,546.4523813,526.6382828,510.4472711,496.8248916,485.1111781,474.8671193,465.7867215,457.6486677,450.2880026,443.5786786,437.4223357,431.7408308,426.4711127,421.5616138,416.9696525,416.3961512
A.213.25,A.213.141,1,A.213.,1,1766.679294,1535.244306,1414.185407,1334.127302,1275.163945,1228.927119,1191.14488,1159.356626,1132.022304,1108.117468,1086.928072,1067.937666,1050.761321,1035.104901,1020.738879,1007.480908,995.1838536,983.7273822,973.0118952,971.6736117
A.214.,A.211.,0.9,A.214.,1,62706.00001,54491.51401,50194.6847,47353.12567,45260.29746,43619.18101,42278.14924,41149.86621,40179.66976,39331.19849,38579.10825,37905.0683,37295.41611,36739.71169,36229.80832,35759.23374,35322.76568,34916.13302,34535.80065,34488.30001
A.215.13,A.211.,0.5,A.215.,1,32160.12733,27947.15065,25743.42887,24286.07391,23212.72173,22371.03969,21683.26257,21104.59823,20607.01201,20171.85519,19786.12945,19440.43349,19127.76019,18842.75517,18581.24021,18339.89586,18116.04379,17907.49344,17712.43176,17688.07003
A.215.141,A.215.13,0.9,A.215.,2,490376.1809,426136.9012,392534.6503,370312.9671,353946.5412,341112.6111,330625.4163,321801.9684,314214.7961,307579.5443,301698.0155,296426.8591,291659.2306,287313.4868,283325.9183,279645.9106,276232.6242,273052.6578,270078.3661,269706.8995
A.215.142,A.215.141,0.5,A.215.,2,46997.27618,40840.633,37620.21911,35490.51008,33921.9644,32691.97041,31686.88572,30841.25326,30114.1045,29478.18706,28914.50587,28409.32228,27952.39643,27535.90369,27153.73819,26801.04908,26473.92234,26169.15681,25884.10297,25848.5019
A.215.145,A.215.141,0.9,A.215.,2,1405.658902,1221.517586,1125.197037,1061.498782,1014.58457,977.7962247,947.7347754,922.4424416,900.6938805,881.6739909,864.8146417,849.7049193,836.0385552,823.5815198,812.1511907,801.6024817,791.818327,782.7029821,774.1772017,773.112396
A.215.146,A.215.141,0.9,A.215.,2,5741.748675,4989.579598,4596.135367,4335.944671,4144.312393,3994.041634,3871.248482,3767.935919,3679.09874,3601.40747,3532.541441,3470.82218,3414.99866,3364.114931,3317.425029,3274.336314,3234.370603,3197.136805,3162.311224,3157.961771
A.215.147,A.215.146,0.9,A.215.,2,1967.080565,1709.393011,1574.601932,1485.462526,1419.810728,1368.329079,1326.261054,1290.866935,1260.431976,1233.815522,1210.222531,1189.077969,1169.953245,1152.520856,1136.525242,1121.763367,1108.07141,1095.315387,1083.384401,1081.894311
A.215.149,A.215.141,0.9,A.215.,2,13333.71534,11586.99863,10673.32691,10069.10181,9624.085769,9275.121083,8989.96598,8750.04947,8543.748267,8363.330533,8203.407125,8060.080221,7930.44464,7812.280437,7703.855303,7603.792989,7510.983038,7424.517244,7343.643904,7333.543434
A.215.21,A.215.141,1,A.215.,2,36959.84888,32118.10868,29585.49359,27910.63644,26677.09237,25709.79393,24919.36986,24254.34307,23682.49485,23182.39327,22739.10009,22341.81092,21982.47286,21654.93241,21354.38778,21077.02412,20819.76336,20580.08803,20355.91447,20327.91688
A.215.221,A.215.141,1,A.215.,2,1380.257119,1199.443436,1104.863504,1042.316346,996.2499243,960.1263849,930.6081786,905.7729047,884.4173638,865.7411842,849.1865018,834.3498285,820.9304304,808.6985072,797.4747366,787.1166542,777.5093098,768.5586891,760.1869788,759.1414153
A.215.222,A.215.141,1,A.215.,2,1369.417403,1190.023723,1096.186565,1034.130616,988.425972,952.5861253,923.2997374,898.6595049,877.4716776,858.9421697,842.5174978,827.7973429,814.4833327,802.3474718,791.2118459,780.9351098,771.4032157,762.5228878,754.2169239,753.1795717
A.215.223,A.215.141,1,A.215.,2,122.8501101,106.7567456,98.33863648,92.77161196,88.67145924,85.4562751,82.82900019,80.61853079,78.71777584,77.05549808,75.58204467,74.26150306,73.06710637,71.97840117,70.97942682,70.05750326,69.2023993,68.4057472,67.66062115,67.56756053
A.215.224,A.215.141,1,A.215.,2,379.3900458,329.6899498,303.692848,286.5005664,273.83833,263.9090849,255.7954418,248.9689922,243.0990136,237.9655088,233.415138,229.3369948,225.6484168,222.2862389,219.2011711,216.3540542,213.713292,211.2530429,208.9519183,208.6645252
A.215.225,A.215.141,1,A.215.,2,120117.3823,104382.0052,96151.15189,90707.96252,86699.01526,83555.35099,80986.51825,78825.21943,76966.74564,75341.44427,73900.76695,72609.60001,71441.77197,70377.28436,69400.5316,68499.11568,67663.03301,66884.10196,66155.5508,66064.56025
A.215.226,A.215.141,1,A.215.,2,2626.318375,2282.270668,2102.306362,1983.29321,1895.639187,1826.904228,1770.737731,1723.4818,1682.847016,1647.310453,1615.810622,1587.579775,1562.045683,1538.771088,1517.414781,1497.705684,1479.425072,1462.394057,1446.464578,1444.475106
A.215.227,A.215.141,1,A.215.,2,0,0,0,0,0,0,0,0,0,0,0,0,0,0,0,0,0,0,0,0
A.215.228,A.215.141,1,A.215.,2,72.26477061,62.79808566,57.84625675,54.57153644,52.1596819,50.26839711,48.72294128,47.42266517,46.30457402,45.32676357,44.46002627,43.68323709,42.9806508,42.34023598,41.75260401,41.21029603,40.7072937,40.23867482,39.80036538,39.74562384
A.215.23,A.215.141,1,A.215.,2,1593.438192,1384.697789,1275.509961,1203.302379,1150.120986,1108.418156,1074.340855,1045.669767,1021.015857,999.4551368,980.3435793,963.2153779,947.7233502,933.6022033,920.6449184,908.6870275,897.5958262,887.2627798,877.5980566,876.3910056
A.215.24,A.215.141,1,A.215.,2,31898.60374,27719.88665,25534.08537,24088.5815,23023.95773,22189.12018,21506.93601,20932.97732,20439.43744,20007.81927,19625.23022,19282.34544,18972.21477,18689.52739,18430.13904,18190.75729,17968.72557,17761.87113,17568.39568,17544.23206
A.215.25,A.215.141,1,A.215.,2,3031.701546,2634.548643,2426.806098,2289.422771,2188.238984,2108.894499,2044.05847,1989.508388,1942.601456,1901.579677,1865.217716,1832.62932,1803.153935,1776.28681,1751.634068,1728.882789,1707.780488,1688.120666,1669.732405,1667.43585
A.216.13,A.211.,0.9,A.216.,1,0,0,0,0,0,0,0,0,0,0,0,0,0,0,0,0,0,0,0,0
A.216.141,A.216.13,0.9,A.216.,2,0,0,0,0,0,0,0,0,0,0,0,0,0,0,0,0,0,0,0,0
A.216.142,A.216.141,0.5,A.216.,2,0,0,0,0,0,0,0,0,0,0,0,0,0,0,0,0,0,0,0,0
A.216.143,A.216.141,0.9,A.216.,2,0,0,0,0,0,0,0,0,0,0,0,0,0,0,0,0,0,0,0,0
A.216.144,A.216.141,0.9,A.216.,2,0,0,0,0,0,0,0,0,0,0,0,0,0,0,0,0,0,0,0,0
A.216.145,A.216.141,0.9,A.216.,2,0,0,0,0,0,0,0,0,0,0,0,0,0,0,0,0,0,0,0,0
A.216.146,A.216.141,0.9,A.216.,2,0,0,0,0,0,0,0,0,0,0,0,0,0,0,0,0,0,0,0,0
A.216.147,A.216.146,0.9,A.216.,2,0,0,0,0,0,0,0,0,0,0,0,0,0,0,0,0,0,0,0,0
A.216.148,A.216.141,0.9,A.216.,2,0,0,0,0,0,0,0,0,0,0,0,0,0,0,0,0,0,0,0,0
A.216.149,A.216.141,0.9,A.216.,2,0,0,0,0,0,0,0,0,0,0,0,0,0,0,0,0,0,0,0,0
A.216.21,A.216.141,1,A.216.,2,0,0,0,0,0,0,0,0,0,0,0,0,0,0,0,0,0,0,0,0
A.216.22,A.216.141,1,A.216.,2,10291.19766,8943.050766,8237.862751,7771.511116,7428.039856,7158.702731,6938.614972,6753.44316,6594.216237,6454.966635,6331.534916,6220.912673,6120.857635,6029.656411,5945.971972,5868.742106,5797.109742,5730.37391,5667.954434,5660.158713
A.216.24,A.216.141,1,A.216.,2,0,0,0,0,0,0,0,0,0,0,0,0,0,0,0,0,0,0,0,0
A.216.25,A.216.141,1,A.216.,2,3136.650473,2725.749261,2510.815257,2368.676108,2263.989625,2181.898458,2114.817989,2058.379538,2009.848821,1967.406984,1929.786274,1896.06976,1865.574021,1837.776832,1812.270682,1788.731818,1766.899015,1746.558625,1727.533815,1725.15776
A.217.13,A.211.,0.9,A.215.,1,13663.91262,11873.94007,10937.6421,10318.45392,9862.417465,9504.810988,9212.594279,8966.736455,8755.326391,8570.440777,8406.557012,8259.680748,8126.83486,8005.744429,7894.634246,7792.09398,7696.985675,7608.378634,7525.50254,7515.151941
A.217.141,A.217.13,0.9,A.215.,1,80822.94421,70235.13852,64696.87431,61034.33537,58336.84968,56221.58378,54493.10268,53038.83744,51788.33297,50694.72237,49725.33909,48856.5563,48070.76412,47354.50623,46697.28217,46090.74973,45528.17784,45004.06135,44513.84379,44452.61931
A.217.142,A.217.141,0.5,A.215.,1,3840.07427,3337.02454,3073.889535,2899.874325,2771.7109,2671.210006,2589.086101,2519.990789,2460.576595,2408.616772,2362.559259,2321.281495,2283.946795,2249.915822,2218.689674,2189.871995,2163.142978,2138.241061,2114.949757,2112.040848
A.217.145,A.217.141,0.9,A.215.,1,535.0784806,464.9831997,428.3177945,404.0704005,386.2120243,372.2081634,360.7649644,351.137178,342.8583652,335.6182491,329.2005649,323.448894,318.2466523,313.504754,309.153682,305.1382077,301.4137688,297.9439193,294.6984935,294.2931643
A.217.147,A.217.145,0.9,A.215.,1,146.4028315,127.2240606,117.1920385,110.5577086,105.671478,101.8398815,98.70890758,96.07464882,93.80948269,91.82851442,90.07257174,88.49885699,87.07547156,85.77804069,84.5875438,83.48886982,82.46982604,81.52044046,80.63245946,80.52155733
A.217.149,A.217.141,0.9,A.215.,1,1345.411904,1169.162944,1076.970725,1016.002599,971.0991446,935.8875603,907.1145544,882.9062583,862.0898476,843.8851567,827.7484047,813.2862899,800.2056705,788.2825478,777.3421263,767.2455384,757.8807357,749.1560775,740.9957148,739.9765471
A.217.21,A.217.141,1,A.215.,1,2040.039456,1772.794287,1633.003815,1540.558235,1472.471415,1419.080316,1375.451991,1338.745107,1307.181316,1279.57766,1255.109606,1233.180794,1213.346735,1195.26778,1178.678889,1163.369498,1149.169707,1135.940564,1123.567058,1122.021701
A.217.22,A.217.141,1,A.215.,1,5008.760029,4352.612466,4009.39512,3782.420233,3615.251631,3484.164359,3377.046917,3286.923182,3209.426911,3141.653668,3081.579041,3027.738828,2979.04171,2934.653771,2893.924277,2856.336245,2821.472536,2788.991986,2758.61222,2754.818016
A.217.23,A.217.141,1,A.215.,1,582.6132091,506.2908787,466.3682316,439.9667736,420.5219141,405.2739933,392.8142156,382.3311263,373.3168491,365.4335433,358.4457318,352.1831002,346.5187073,341.3555533,336.6179454,332.2457487,328.1904422,324.4123419,320.8786024,320.437265
A.217.24,A.217.141,1,A.215.,1,1680.032493,1459.948236,1344.826671,1268.695017,1212.623519,1168.654378,1132.725169,1102.49597,1076.50226,1053.769838,1033.619676,1015.560654,999.2267228,984.3381719,970.6767322,958.068998,946.375053,935.4804644,925.2905185,924.0178711
A.217.3,A.217.142,1,A.215.,1,28367.17763,24651.07736,22707.26146,21421.78623,20475.02468,19732.6102,19125.94918,18615.53223,18176.63109,17792.79644,17452.56301,17147.63827,16871.8415,16620.44984,16389.77782,16176.89751,15979.44644,15795.49242,15623.43622,15601.9477
A.218A.13,A.211.,0.9,A.218A.,1,0,0,0,0,0,0,0,0,0,0,0,0,0,0,0,0,0,0,0,0
A.218A.141,A.218A.13,0.9,A.218A.,1,0,0,0,0,0,0,0,0,0,0,0,0,0,0,0,0,0,0,0,0
A.218A.142,A.218A.141,0.5,A.218A.,1,0,0,0,0,0,0,0,0,0,0,0,0,0,0,0,0,0,0,0,0
A.218A.145,A.218A.141,0.9,A.218A.,1,0,0,0,0,0,0,0,0,0,0,0,0,0,0,0,0,0,0,0,0
A.218A.146,A.218A.141,0.9,A.218A.,1,0,0,0,0,0,0,0,0,0,0,0,0,0,0,0,0,0,0,0,0
A.218A.147,A.218A.146,0.9,A.218A.,1,0,0,0,0,0,0,0,0,0,0,0,0,0,0,0,0,0,0,0,0
A.218A.148,A.218A.141,0.9,A.218A.,1,0,0,0,0,0,0,0,0,0,0,0,0,0,0,0,0,0,0,0,0
A.218A.149,A.218A.141,0.9,A.218A.,1,0,0,0,0,0,0,0,0,0,0,0,0,0,0,0,0,0,0,0,0
A.218A.21,A.218A.141,1,A.218A.,1,0,0,0,0,0,0,0,0,0,0,0,0,0,0,0,0,0,0,0,0
A.218A.231,A.218A.141,1,A.218A.,1,464.4929244,403.6443513,371.8157095,350.7669412,335.2643753,323.1078516,313.1741966,304.8164719,297.6297692,291.3447422,285.7736549,280.780723,276.2647416,272.1483769,268.371282,264.8855141,261.6523893,258.6402694,255.8229681,255.4711084
A.218A.232,A.218A.141,1,A.218A.,1,786.378372,683.3628052,629.4774732,593.8422777,567.5967057,547.0159242,530.1984206,516.0489394,503.8819776,493.2415372,483.8097842,475.3568381,467.7113608,460.7424275,454.3478722,448.4465283,442.9729047,437.8734386,433.1037968,432.5081046
A.218A.233,A.218A.141,1,A.218A.,1,32.59599468,28.32591938,26.09233048,24.61522394,23.52732458,22.67423519,21.9771366,21.3906296,20.88629958,20.44524506,20.05429157,19.70391038,19.38699941,19.0981317,18.83307242,18.58845712,18.36157117,18.15019434,17.95248898,17.92779707
A.218A.234,A.218A.141,1,A.218A.,1,305.5874501,265.5554942,244.6155983,230.7677244,220.5686679,212.5709549,206.0356556,200.5371525,195.8090586,191.6741724,188.0089834,184.7241598,181.7531194,179.0449847,176.5600539,174.2667856,172.1397298,170.1580719,168.3045842,168.0730976
A.218A.235,A.218A.141,1,A.218A.,1,0,0,0,0,0,0,0,0,0,0,0,0,0,0,0,0,0,0,0,0
A.218A.236,A.218A.141,1,A.218A.,1,0,0,0,0,0,0,0,0,0,0,0,0,0,0,0,0,0,0,0,0
A.218A.237,A.218A.141,1,A.218A.,1,0,0,0,0,0,0,0,0,0,0,0,0,0,0,0,0,0,0,0,0
A.218A.238,A.218A.141,1,A.218A.,1,264.8424569,230.148095,212.0001852,199.9986946,191.1595123,184.228161,178.5642349,173.7988656,169.7011842,166.1176161,162.941119,160.0942719,157.5193702,155.1723201,153.0187134,151.0312142,149.1877658,147.470329,145.863973,145.6633513
A.218A.24,A.218A.141,1,A.218A.,1,0,0,0,0,0,0,0,0,0,0,0,0,0,0,0,0,0,0,0,0
A.218B.13,A.211.,0.9,A.218B.,1,0,0,0,0,0,0,0,0,0,0,0,0,0,0,0,0,0,0,0,0
A.218B.141,A.218B.13,0.9,A.218B.,1,0,0,0,0,0,0,0,0,0,0,0,0,0,0,0,0,0,0,0,0
A.218B.142,A.218B.141,0.5,A.218B.,1,0,0,0,0,0,0,0,0,0,0,0,0,0,0,0,0,0,0,0,0
A.218B.143,A.218B.141,0.9,A.218B.,1,0,0,0,0,0,0,0,0,0,0,0,0,0,0,0,0,0,0,0,0
A.218B.144,A.218B.141,0.9,A.218B.,1,0,0,0,0,0,0,0,0,0,0,0,0,0,0,0,0,0,0,0,0
A.218B.145,A.218B.141,0.9,A.218B.,1,0,0,0,0,0,0,0,0,0,0,0,0,0,0,0,0,0,0,0,0
A.218B.146,A.218B.141,0.9,A.218B.,1,0,0,0,0,0,0,0,0,0,0,0,0,0,0,0,0,0,0,0,0
A.218B.147,A.218B.146,0.9,A.218B.,1,0,0,0,0,0,0,0,0,0,0,0,0,0,0,0,0,0,0,0,0
A.218B.148,A.218B.141,0.9,A.218B.,1,0,0,0,0,0,0,0,0,0,0,0,0,0,0,0,0,0,0,0,0
A.218B.149,A.218B.141,0.9,A.218B.,1,0,0,0,0,0,0,0,0,0,0,0,0,0,0,0,0,0,0,0,0
A.218B.21,A.218B.141,1,A.218B.,1,0,0,0,0,0,0,0,0,0,0,0,0,0,0,0,0,0,0,0,0
A.218B.22,A.218B.141,1,A.218B.,1,12651.81414,10994.42649,10127.48097,9554.15662,9131.899203,8800.780964,8530.209014,8302.562103,8106.811376,7935.620408,7783.875662,7647.878658,7524.872786,7412.751633,7309.871483,7214.926468,7126.862922,7044.819085,6968.0817,6958.497779
A.218B.23,A.218B.141,1,A.218B.,1,94.24947681,81.90279535,75.44449927,71.17352916,68.02792963,65.56126987,63.54564867,61.84979684,60.39155508,59.11627084,57.98585091,56.97274351,56.05641334,55.2211687,54.45476475,53.74747345,53.09144555,52.48026137,51.9086075,51.83721225
A.218B.24,A.218B.141,1,A.218B.,1,0,0,0,0,0,0,0,0,0,0,0,0,0,0,0,0,0,0,0,0
A.218B.25,A.218B.141,1,A.218B.,1,878.670915,763.5650251,703.3554928,663.5380068,634.2121484,611.2159232,592.4246495,576.6145279,563.0196024,551.1303569,540.5916553,531.1466373,522.6038559,514.8170204,507.6719743,501.0780248,494.9619947,489.2640345,483.9346084,483.2690033
A.218D.,A.211.,0.9,A.218D,1,15421,13400.849,12344.14941,11645.33778,11130.6581,10727.06583,10397.27202,10119.79853,9881.202554,9672.541892,9487.583774,9321.82021,9171.891233,9035.229386,8909.83118,8794.104924,8686.76633,8586.765019,8493.231616,8481.55
A.218E.13,A.211.,0.9,A.218E.,1,0,0,0,0,0,0,0,0,0,0,0,0,0,0,0,0,0,0,0,0
A.218E.141,A.218E.13,0.9,A.218E.,1,0,0,0,0,0,0,0,0,0,0,0,0,0,0,0,0,0,0,0,0
A.218E.142,A.218E.141,0.5,A.218E.,1,0,0,0,0,0,0,0,0,0,0,0,0,0,0,0,0,0,0,0,0
A.218E.143,A.218E.141,0.9,A.218E.,1,0,0,0,0,0,0,0,0,0,0,0,0,0,0,0,0,0,0,0,0
A.218E.145,A.218E.141,0.9,A.218E.,1,0,0,0,0,0,0,0,0,0,0,0,0,0,0,0,0,0,0,0,0
A.218E.147,A.218B.146,0.9,A.218E.,1,0,0,0,0,0,0,0,0,0,0,0,0,0,0,0,0,0,0,0,0
A.218E.149,A.218E.141,0.9,A.218E.,1,0,0,0,0,0,0,0,0,0,0,0,0,0,0,0,0,0,0,0,0
A.218E.21,A.218E.141,1,A.218E.,1,0,0,0,0,0,0,0,0,0,0,0,0,0,0,0,0,0,0,0,0
A.218E.23,A.218E.141,1,A.218E.,1,391.6347414,340.3305902,313.4944401,295.7472829,282.6763768,272.4266684,264.05116,257.0043889,250.9449586,245.6457715,240.9485389,236.7387749,232.9311491,229.4604581,226.2758206,223.3368139,220.6108219,218.071169,215.6957764,215.3991077
A.218E.24,A.218E.141,1,A.218E.,1,0,0,0,0,0,0,0,0,0,0,0,0,0,0,0,0,0,0,0,0
A.218F.,A.211.,0.9,A.218F.,1,9202.329974,7996.824747,7366.249665,6949.240705,6642.110673,6401.270959,6204.469746,6038.890173,5896.510371,5771.994175,5661.622239,5562.704463,5473.235822,5391.68421,5316.854064,5247.79556,5183.742311,5124.067513,5068.252375,5061.281485
A.218G.,A.211.,0.9,A.218G.,1,0,0,0,0,0,0,0,0,0,0,0,0,0,0,0,0,0,0,0,0
A.218H.,A.211.,0.9,A.218H.,1,0,0,0,0,0,0,0,0,0,0,0,0,0,0,0,0,0,0,0,0
A.218J.13,A.212.141,0.9,A.218J.,1,0,0,0,0,0,0,0,0,0,0,0,0,0,0,0,0,0,0,0,0
A.218J.141,A.218J.13,0.9,A.218J.,1,0,0,0,0,0,0,0,0,0,0,0,0,0,0,0,0,0,0,0,0
A.218J.142,A.218J.141,0.5,A.218J.,1,0,0,0,0,0,0,0,0,0,0,0,0,0,0,0,0,0,0,0,0
A.218J.145,A.218J.141,0.9,A.218J.,1,0,0,0,0,0,0,0,0,0,0,0,0,0,0,0,0,0,0,0,0
A.218J.146,A.218J.141,0.9,A.218J.,1,0,0,0,0,0,0,0,0,0,0,0,0,0,0,0,0,0,0,0,0
A.218J.147,A.218J.146,0.9,A.218J.,1,0,0,0,0,0,0,0,0,0,0,0,0,0,0,0,0,0,0,0,0
A.218J.149,A.218J.141,0.9,A.218J.,1,0,0,0,0,0,0,0,0,0,0,0,0,0,0,0,0,0,0,0,0
A.218J.21,A.218J.141,1,A.218J.,1,0,0,0,0,0,0,0,0,0,0,0,0,0,0,0,0,0,0,0,0
A.218J.22,A.218J.141,1,A.218J.,1,1953.56482,1697.647829,1563.782894,1475.255963,1410.055255,1358.927335,1317.148359,1281.997432,1251.77159,1225.338017,1201.907132,1180.907854,1161.914535,1144.601924,1128.716215,1114.055768,1100.457889,1087.789512,1075.940503,1074.460651
A.218J.24,A.218J.141,1,A.218J.,1,0,0,0,0,0,0,0,0,0,0,0,0,0,0,0,0,0,0,0,0
A.218K.,A.211.,0.9,A.218K.,1,3180.368144,2763.739917,2545.810229,2401.689988,2295.544417,2212.309089,2144.293672,2087.0686,2037.861476,1994.828098,1956.683043,1922.496598,1891.575819,1863.391201,1837.529554,1813.662613,1791.525512,1770.901623,1751.611651,1749.202479
A.218L.,A.211.,0.9,A.218L.,1,31016,26952.904,24827.58174,23422.07358,22386.90693,21575.16853,20911.85974,20353.78194,19873.89783,19454.22212,19082.21894,18748.82145,18447.2718,18172.40611,17920.19479,17687.4365,17471.54818,17270.41721,17082.29504,17058.8
A.218P.,A.212.141,0.9,A.218P.,1,0,0,0,0,0,0,0,0,0,0,0,0,0,0,0,0,0,0,0,0
A.218S.,A.211.,0.9,A.218S.,1,0,0,0,0,0,0,0,0,0,0,0,0,0,0,0,0,0,0,0,0
A.218T.11,A.212.141,0.9,A.218T.,1,0,0,0,0,0,0,0,0,0,0,0,0,0,0,0,0,0,0,0,0
A.218T.13,A.218T.11,0.9,A.218T.,1,0,0,0,0,0,0,0,0,0,0,0,0,0,0,0,0,0,0,0,0
A.218T.141,A.218T.13,0.9,A.218T.,1,0,0,0,0,0,0,0,0,0,0,0,0,0,0,0,0,0,0,0,0
A.218T.142,A.218T.141,0.5,A.218T.,1,0,0,0,0,0,0,0,0,0,0,0,0,0,0,0,0,0,0,0,0
A.218T.145,A.218T.141,0.9,A.218T.,1,0,0,0,0,0,0,0,0,0,0,0,0,0,0,0,0,0,0,0,0
A.218T.147,A.218T.145,0.9,A.218T.,1,0,0,0,0,0,0,0,0,0,0,0,0,0,0,0,0,0,0,0,0
A.218T.149,A.218T.141,0.9,A.218T.,1,0,0,0,0,0,0,0,0,0,0,0,0,0,0,0,0,0,0,0,0
A.218T.21,A.218T.141,1,A.218T.,1,0,0,0,0,0,0,0,0,0,0,0,0,0,0,0,0,0,0,0,0
A.218T.22,A.218T.141,1,A.218T.,1,609.9594769,530.0547854,488.2582787,460.6176085,440.2600606,424.2964442,411.2518386,400.2767018,390.8393192,382.5859926,375.2701924,368.71361,362.783346,357.3778477,352.4178695,347.8404539,343.5948023,339.6393684,335.9397649,335.4777123
A.218T.24,A.218T.141,1,A.218T.,1,0,0,0,0,0,0,0,0,0,0,0,0,0,0,0,0,0,0,0,0
A.218V.,A.211.,0.9,A.218V.,1,3759.000001,3266.571001,3008.991481,2838.6502,2713.192648,2614.813597,2534.423548,2466.787024,2408.627223,2357.764411,2312.679296,2272.273016,2235.726552,2202.414063,2171.847183,2143.637923,2117.473228,2093.097057,2070.297494,2067.450001
A.221.1,A.212.141,0.5,A.212.,3,23562.21453,20475.56443,18861.00101,17793.26549,17006.87077,16390.20988,15886.30789,15462.34771,15097.78966,14778.9707,14496.36757,14243.09238,14014.01134,13805.20155,13613.60182,13436.78016,13272.77426,13119.97922,12977.06669,12959.21799
A.221.2,A.221.1,1,A.212.,3,3361.713325,2921.328879,2690.9728,2538.634796,2426.436785,2338.455363,2266.561695,2206.073638,2154.060715,2108.573566,2068.253472,2032.11771,1999.433822,1969.642113,1942.30583,1917.077991,1893.678628,1871.878761,1851.488872,1848.942329
A.221.3,A.221.1,1,A.212.,3,4510.878408,3919.953336,3610.85254,3406.439449,3255.88777,3137.830857,3041.361122,2960.195881,2890.402908,2829.366472,2775.263393,2726.775015,2682.918496,2642.942815,2606.261921,2572.410221,2541.01204,2511.760127,2484.400176,2480.983124
A.222.11,A.222.14,1,A.212.,3,0,0,0,0,0,0,0,0,0,0,0,0,0,0,0,0,0,0,0,0
A.222.12,A.222.14,1,A.212.,3,0,0,0,0,0,0,0,0,0,0,0,0,0,0,0,0,0,0,0,0
A.222.13,A.221.1,1,A.212.,3,8796.622666,7644.265096,7041.490465,6642.866369,6349.276918,6119.055214,5930.930466,5772.650874,5636.548236,5517.521642,5412.015723,5317.458981,5231.934784,5153.978575,5082.4475,5016.43361,4955.204305,4898.160417,4844.806027,4838.142466
A.222.14,A.221.1,1,A.212.,3,1154.556725,1003.309794,924.1956236,871.876211,833.3425956,803.1259969,778.4346237,757.6604273,739.796956,724.1747155,710.3270638,697.9164913,686.6914405,676.459688,667.0712345,658.4069114,650.3705651,642.8835548,635.8807911,635.0061987
A.223.1,A.222.11,1,A.212.,3,22566.0112,19609.86373,18063.56357,17040.97158,16287.82539,15697.23674,15214.63957,14808.60431,14459.45966,14154.12027,13883.46552,13640.89873,13421.50316,13221.52179,13038.02284,12868.67714,12711.60536,12565.27045,12428.40022,12411.30616
A.223.3,A.222.11,1,A.212.,3,36674.91758,31870.50338,29357.41276,27695.46744,26471.43302,25511.59169,24727.26117,24067.3612,23499.92149,23003.67529,22563.79956,22169.57317,21813.00532,21487.98995,21189.76228,20914.53688,20659.2594,20421.43177,20198.98642,20171.20467
A.223.4,A.212.141,1,A.212.,3,16977.56388,14753.50301,13590.14234,12820.79411,12254.16373,11809.83369,11446.75117,11141.27009,10878.59072,10648.86828,10445.24088,10262.74548,10097.68298,9947.226771,9809.171129,9681.763704,9563.590574,9453.495338,9350.520867,9337.660132
A.223.5,A.212.141,1,A.212.,3,1639.691542,1424.89195,1312.534685,1238.231105,1183.505995,1140.592641,1105.526165,1076.02283,1050.653281,1028.46671,1008.800394,991.1750052,975.2332844,960.7022375,947.3688364,935.0638391,923.6506892,913.0177015,903.0724367,901.8303481
A.224.1,A.222.11,1,A.216.,3,33851.17306,29416.66939,27097.07139,25563.0857,24433.29445,23547.35504,22823.41317,22214.32147,21690.57115,21232.53288,20826.52489,20462.65153,20133.53722,19833.54605,19558.28009,19304.24536,19068.62268,18849.10633,18643.78791,18618.14518
A.224.2,A.222.11,1,A.216.,3,1755.570711,1525.590948,1405.293246,1325.738534,1267.145928,1221.199831,1183.655161,1152.066786,1124.904338,1101.149812,1080.093651,1061.222653,1044.15431,1028.596335,1014.320644,1001.146037,988.9263045,977.5418695,966.8937596,965.563891
A.224.3,A.222.11,1,A.216.,3,10110.86839,8786.34463,8093.513393,7635.333484,7297.880758,7033.263138,6817.031905,6635.104797,6478.667956,6341.858379,6220.589513,6111.905667,6013.603861,5924.000726,5841.782662,5765.906069,5695.528895,5629.962454,5568.636734,5560.977614
A.225.111,A.217.142,0.5,A.215.,3,1532.656267,1331.878296,1226.855454,1157.40224,1106.249459,1066.137389,1033.359972,1005.782546,982.0690632,961.3307796,942.9482352,926.4733914,911.5723094,897.9898156,885.5267881,874.0250327,863.3569068,853.4180159,844.121955,842.9609471
A.225.112,A.217.142,0.9,A.215.,3,285.8345769,248.3902473,228.8038858,215.8511249,206.3113255,198.8305768,192.7177128,187.5746276,183.152153,179.2845418,175.8562671,172.7837712,170.004776,167.4716924,165.1473851,163.0023514,161.0127864,159.159221,157.4255409,157.2090173
A.225.113,A.217.142,0.9,A.215.,3,1429.172885,1241.951237,1144.019429,1079.255625,1031.556627,994.1528841,963.5885642,937.8731381,915.7607652,896.4227092,879.2813354,863.9188562,850.02388,837.3584623,825.7369257,815.011757,805.063932,795.7961049,787.1277045,786.0450867
A.225.114,A.217.142,0.5,A.215.,3,3970.526227,3450.387291,3178.313272,2998.386556,2865.869264,2761.954234,2677.04048,2605.597917,2544.165352,2490.440391,2442.818248,2400.138229,2361.535224,2326.348177,2294.06124,2264.26459,2236.627556,2210.879691,2186.797152,2183.789425
A.225.12,A.217.142,0.9,A.215.,3,406.7645902,353.4784289,325.6055298,307.1727547,293.5968862,282.9512054,274.2521298,266.9331239,260.6396023,255.1356941,250.2569954,245.8845975,241.9298735,238.3251008,235.0174326,231.9648846,229.1335806,226.4958144,224.0286543,223.7205246
A.225.13,A.217.142,0.9,A.215.,3,9895.373183,8599.079296,7921.014526,7472.599908,7142.339388,6883.361623,6671.738975,6493.68932,6340.586652,6206.692928,6088.008693,5981.64125,5885.434573,5797.741169,5717.275437,5643.016019,5574.13881,5509.969801,5449.95113,5442.455251
A.225.3,A.217.142,0.9,A.215.,3,1429.172885,1241.951237,1144.019429,1079.255625,1031.556627,994.1528841,963.5885642,937.8731381,915.7607652,896.4227092,879.2813354,863.9188562,850.02388,837.3584623,825.7369257,815.011757,805.063932,795.7961049,787.1277045,786.0450867
A.225.4,A.217.142,0.9,A.215.,3,9986.399172,8678.180881,7993.878699,7541.339185,7208.04065,6946.680589,6733.111257,6553.423752,6398.912716,6263.787325,6144.011332,6036.665432,5939.573764,5851.073683,5769.867759,5694.92524,5625.41444,5560.655151,5500.084377,5492.519545
A.226.1,A.212.142,0.9,A.215.,3,23807.99087,20689.14406,19057.73921,17978.86619,17184.26862,16561.17537,16052.0172,15623.63472,15255.27399,14933.12943,14647.57849,14391.6614,14160.19082,13949.20295,13755.60465,13576.93857,13411.22193,13256.83309,13112.42985,13094.39498
A.226.3,A.212.142,0.9,A.212.,3,27782.56841,24143.05195,22239.29546,20980.31214,20053.06207,19325.94776,18731.78919,18231.89125,17802.03527,17426.11094,17092.88926,16794.2486,16524.13563,16277.92481,16052.00663,15843.5135,15650.13163,15469.96865,15301.4583,15280.41262
A.226.4,A.212.142,0.9,A.215.,3,33787.5068,29361.34341,27046.10803,25515.00742,24387.34105,23503.06788,22780.48759,22172.54145,21649.77618,21192.59937,20787.35499,20424.16599,20095.67067,19796.24371,19521.49546,19267.93852,19032.75899,18813.6555,18608.72323,18583.12874
A.226.6,A.212.142,0.9,A.215.,3,863.502259,750.3834631,691.2133388,652.0832294,623.2636286,600.6643915,582.1975149,566.6603264,553.3000925,541.6160932,531.2593231,521.9773562,513.5820504,505.9296404,498.9079405,492.4278236,486.4173756,480.8177804,475.5803571,474.9262425
A.226.71,A.212.142,0.9,A.215.,3,61333.96731,53299.2176,49096.40466,46317.02009,44269.98381,42664.77565,41353.0862,40249.49046,39300.5223,38470.61593,37734.98172,37075.69004,36479.37728,35935.83191,35437.08543,34976.80721,34549.88925,34152.15388,33780.14333,33733.68202
A.226.72,A.212.142,0.9,A.215.,3,16516.51602,14352.85242,13221.08432,12472.62875,11921.38596,11489.12228,11135.89974,10838.71438,10583.16842,10359.6844,10161.58676,9984.04726,9823.467249,9677.096871,9542.79031,9418.8428,9303.878815,9196.773358,9096.595293,9084.083808
A.226.8,A.212.142,0.9,A.215.,3,3454.009037,3001.533853,2764.853356,2608.332918,2493.054515,2402.657566,2328.79006,2266.641306,2213.20037,2166.464373,2125.037293,2087.909425,2054.328202,2023.718562,1995.631762,1969.711295,1945.669503,1923.271122,1902.321429,1899.70497
A.226.9,A.212.142,0.9,A.212.,3,12829.17642,11148.55431,10269.45532,9688.093698,9259.916771,8924.156677,8649.791653,8418.953423,8220.458521,8046.867674,7892.995661,7755.092152,7630.361895,7516.668947,7412.346548,7316.070525,7226.772441,7143.578454,7065.765308,7056.047033
A.227.11,A.218A.145,0.9,A.218A.,3,8863.42303,7702.314613,7094.962592,6693.311399,6397.492469,6165.522493,5975.969151,5816.487606,5679.351422,5559.420956,5453.11384,5357.839046,5271.66539,5193.117192,5121.04292,5054.527729,4992.833457,4935.356386,4881.59683,4874.882667
A.227.15,A.218A.145,0.9,A.218A.,3,1359.058198,1181.021574,1087.894264,1026.307747,980.948845,945.3801153,916.3152695,891.8614326,870.8338844,852.4445463,836.1441219,821.5353202,808.3220263,796.2779692,785.2265808,775.0275849,765.5677965,756.7546456,748.5115136,747.4820086
A.227.16,A.218A.145,0.9,A.215.,3,5318.053815,4621.388765,4256.977553,4015.986837,3838.495479,3699.313494,3585.581489,3489.892561,3407.610851,3335.652572,3271.868302,3214.703426,3162.999232,3115.870314,3072.62575,3032.716636,2995.700073,2961.21383,2928.958096,2924.929598
A.227.17,A.218A.145,0.9,A.218A.,3,5318.053815,4621.388765,4256.977553,4015.986837,3838.495479,3699.313494,3585.581489,3489.892561,3407.610851,3335.652572,3271.868302,3214.703426,3162.999232,3115.870314,3072.62575,3032.716636,2995.700073,2961.21383,2928.958096,2924.929598
A.227.18,A.218A.145,0.9,A.218A.,3,4136.26408,3594.413485,3310.982542,3123.545319,2985.496485,2877.243829,2788.785603,2714.360882,2650.363996,2594.396445,2544.786458,2500.324888,2460.110515,2423.454689,2389.820029,2358.779606,2329.988946,2303.166313,2278.07852,2274.945244
A.227.19,A.218A.145,0.9,A.218A.,3,440.5795073,382.8635918,352.6735791,332.7084613,318.0040116,306.4733403,297.0510981,289.1236529,282.306942,276.3454861,271.0612142,266.3253327,262.0418469,258.1374043,254.554765,251.2484543,248.18178,245.3247326,242.652474,242.318729
A.227.2,A.218A.145,0.9,A.218A.,3,8272.52816,7188.826971,6621.965085,6247.090638,5970.99297,5754.487659,5577.571207,5428.721764,5300.727993,5188.792891,5089.572916,5000.649776,4920.22103,4846.909379,4779.640058,4717.559213,4659.977893,4606.332626,4556.15704,4549.890488
A.227.3,A.218A.145,0.9,A.218A.,3,23813.0632,20693.55192,19061.79949,17982.69662,17187.92976,16564.70376,16055.43712,15626.96336,15258.52415,14936.31096,14650.69918,14394.72757,14163.20768,13952.17485,13758.53531,13579.83116,13414.07922,13259.65749,13115.22348,13097.18476
A.227.4,A.218A.145,0.9,A.218A.,3,5375.069988,4670.935819,4302.617664,4059.043227,3879.648941,3738.97475,3624.023396,3527.308564,3444.144692,3371.414929,3306.946813,3249.169058,3196.910531,3149.276331,3105.568132,3065.231142,3027.817715,2992.961737,2960.360182,2956.288493
A.227.5,A.218A.145,0.9,A.218A.,3,24672.45241,21440.36114,19749.72043,18631.67383,17808.22465,17162.50705,16634.86149,16190.92456,15809.18875,15475.34722,15179.428,14914.21863,14674.34342,14455.69464,14255.06684,14069.91344,13898.17968,13738.18502,13588.53854,13569.84882
A.227.9,A.218A.145,0.9,A.218A.,3,8811.590144,7657.271835,7053.471581,6654.169225,6360.080231,6129.466804,5941.021961,5782.473056,5646.138839,5526.909721,5421.224284,5326.506653,5240.836936,5162.748084,5091.095299,5024.969086,4963.635599,4906.494651,4853.049478,4846.374579
A.228.1,A.218T.21,0.7,A.211.,3,36142.09631,31407.48169,28930.9018,27293.10159,26086.85021,25140.95367,24368.01807,23717.70528,23158.50946,22669.47284,22235.98771,21847.48874,21496.10118,21175.80771,20881.91276,20610.68589,20359.11713,20124.74472,19905.5311,19878.15297
A.228.2,A.211.,0.5,A.211.,3,136385.2691,118518.7988,109173.2144,102992.8362,98440.94421,94871.52328,91954.78519,89500.77466,87390.60173,85545.18052,83909.3876,82443.35373,81117.36295,79908.70833,78799.67078,77776.17318,76826.85711,75942.4329,75115.21169,75011.89801
A.228.4,A.222.11,1,A.212.,3,46370.9915,40296.39161,37118.89289,35017.56431,33469.92104,32256.31792,31264.62697,30430.26339,29712.80459,29085.36138,28529.19179,28030.74027,27579.90341,27168.96084,26791.88807,26443.89888,26121.13142,25820.42719,25539.17198,25504.04533
A.229.1,A.212.3,1,A.212.,3,0,0,0,0,0,0,0,0,0,0,0,0,0,0,0,0,0,0,0,0
A.229.2,A.212.3,1,A.212.,3,0,0,0,0,0,0,0,0,0,0,0,0,0,0,0,0,0,0,0,0
A.229.3,A.221.3,1,A.212.,3,0,0,0,0,0,0,0,0,0,0,0,0,0,0,0,0,0,0,0,0
A.229.4,A.221.3,1,A.212.,3,0,0,0,0,0,0,0,0,0,0,0,0,0,0,0,0,0,0,0,0
A.229.5,A.221.3,1,A.215.,3,0,0,0,0,0,0,0,0,0,0,0,0,0,0,0,0,0,0,0,0
A.229.6,A.221.3,1,A.212.,3,0,0,0,0,0,0,0,0,0,0,0,0,0,0,0,0,0,0,0,0
A.231.,A.213.21,0.5,A.213.,2,48168.61875,41858.52969,38557.85141,36375.0623,34767.42277,33506.77287,32476.63783,31609.92914,30864.65719,30212.89039,29635.16021,29117.38563,28649.07153,28222.19827,27830.50783,27469.02842,27133.74849,26821.3871,26529.22869,26492.74031
A.233.,A.213.21,0.5,A.213.,2,65445.52515,56872.16135,52387.61043,49421.90821,47237.64767,45524.83346,44125.21415,42947.63824,41935.05546,41049.51583,40264.56796,39561.08028,38924.79336,38344.8111,37812.63086,37321.49763,36865.96098,36441.56319,36044.6147,35995.03883
A.234.,A.213.21,0.5,A.213.,2,0,0,0,0,0,0,0,0,0,0,0,0,0,0,0,0,0,0,0,0
A.235.,A.213.21,0.5,A.213.,2,104549.3179,90853.35725,83689.28089,78951.56745,75462.20819,72725.98509,70490.09129,68608.91212,66991.30971,65576.65891,64322.70359,63198.88104,62182.41179,61255.88933,60405.73065,59621.14463,58893.4242,58215.44814,57581.32237,57502.12484
A.236.,A.213.21,0.5,A.213.,2,23930.35294,20795.47671,19155.68719,18071.26926,17272.58783,16646.29217,16134.51716,15703.93299,15333.67905,15009.87882,14722.86028,14465.62789,14232.96767,14020.89541,13826.30211,13646.71777,13480.14942,13324.96709,13179.82169,13161.69412
A.237.,A.213.21,0.5,A.213.,2,26272.60488,22830.89364,21030.60501,19840.04657,18963.19191,18275.59576,17713.72931,17241.00047,16834.50687,16479.01377,16163.90246,15881.49271,15626.0602,15393.23077,15179.59108,14982.42941,14799.55771,14629.18647,14469.83454,14449.93268
A.241.,A.236.,0.5,A.24.,2,4241.520633,3685.88143,3395.237949,3203.030963,3061.469166,2950.461777,2859.752532,2783.433907,2717.808476,2660.416705,2609.54428,2563.951284,2522.713566,2485.124951,2450.634381,2418.804065,2389.280761,2361.775566,2336.049357,2332.836348
A.242.,A.236.,0.5,A.24.,2,5972.971765,5190.512464,4781.224037,4510.555331,4311.205925,4154.883688,4027.145594,3919.672583,3827.257886,3746.437949,3674.798651,3610.593925,3552.522364,3499.589522,3451.019393,3406.195474,3364.620324,3325.887103,3289.659078,3285.134471
A.243.,A.236.,0.5,A.218A.,2,4548.926418,3953.017057,3641.309081,3435.171823,3283.350282,3164.297592,3067.014161,2985.164314,2914.782656,2853.231395,2798.671972,2749.774607,2705.54817,2665.235306,2628.245019,2594.107789,2562.444773,2532.946128,2505.355403,2501.90953
A.244.,A.236.,0.5,A.24.,2,40968.14999,35601.32234,32794.04477,30937.54911,29570.227,28498.0249,27621.87923,26884.73018,26250.86494,25696.52727,25205.15888,24764.78364,24366.47531,24003.41305,23670.27431,23362.83053,23077.6698,22812.00164,22563.51642,22532.48249
A.245.,A.236.,0.5,A.24.,2,295597.2378,256873.9996,236618.6673,223223.5057,213357.875,205621.6218,199299.9734,193981.2264,189407.7025,185407.9934,181862.6261,178685.1894,175811.2777,173191.6769,170787.983,168569.6858,166512.1673,164595.2935,162802.3997,162578.4808
A.246.,A.236.,0.5,A.213.,2,163689.2211,142245.9331,131029.3886,123611.7159,118148.5477,113864.5387,110363.8777,107418.5811,104885.9574,102671.088,100707.8139,98948.2841,97356.83364,95906.20973,94575.14594,93346.74696,92207.38046,91145.89698,90153.06839,90029.07158
A.251.111,A.213.142,1,A.213.,1,8146.222688,7079.067516,6520.860513,6151.709671,5879.82748,5666.627785,5492.412504,5345.835704,5219.79615,5109.57008,5011.865002,4924.299546,4845.098791,4772.906466,4706.664218,4645.531227,4588.829062,4536.002854,4486.593353,4480.422478
A.251.112,A.213.142,1,A.213.,1,3953.781005,3435.835694,3164.909114,2985.741218,2853.782802,2750.30602,2665.750381,2594.609118,2533.435637,2479.937255,2432.515953,2390.015932,2351.57573,2316.537081,2284.386309,2254.715324,2227.194845,2201.555569,2177.574596,2174.579553
A.251.12,A.212.142,1,A.212.,1,24107.69853,20949.59002,19297.64817,18205.19373,17400.59334,16769.65626,16254.08854,15820.31335,15447.31549,15121.11561,14831.97,14572.83129,14338.44684,14124.80294,13928.76752,13747.8523,13580.04953,13423.71716,13277.4961,13259.23419
A.251.16,A.215.21,0.7,A.215.,1,11140.40114,9681.008591,8917.630253,8412.796465,8040.98283,7749.420689,7511.171848,7310.720128,7138.354205,6987.614079,6853.997088,6734.246579,6625.935254,6527.208336,6436.61847,6353.015792,6275.472507,6203.229804,6135.659632,6127.220627
A.251.17,A.218A.142,0.9,A.218A.,1,1513.636286,1259.855267,1147.901513,1077.494454,1026.903483,987.8129742,956.1828745,929.7571465,907.1535914,891.4641595,890.8506764,890.8506764,890.8506764,890.8506764,890.8506764,890.8506764,890.8506764,890.8506764,890.8506764,890.8506764
A.252.1,A.215.21,0.7,A.215.,2,66040.87726,57389.52234,52864.17585,49871.49491,47667.36435,45938.96882,44526.6173,43338.32908,42316.53492,41422.93962,40630.85115,39920.9639,39278.88873,38693.63043,38156.609,37661.00797,37201.32734,36773.06885,36372.50935,36322.48249
A.252.2,A.215.21,0.7,A.215.,2,165950.645,144211.1105,132839.6055,125319.455,119780.8113,115437.6172,111888.5934,108902.6064,106334.9937,104089.525,102099.1276,100315.2893,98701.85241,97231.18762,95881.73472,94636.36498,93481.25773,92405.10949,91398.56461,91272.85475
A.252.3,A.215.21,0.7,A.215.,2,30723.23855,26698.4943,24593.23305,23200.99154,22175.59588,21371.51952,20714.47173,20161.66165,19686.30719,19270.59282,18902.101,18571.85046,18273.14715,18000.87593,17751.04525,17520.48397,17306.63343,17107.40095,16921.05447,16897.7812
A.252.4,A.215.21,0.7,A.215.,2,9300.186782,8081.862314,7444.581749,7023.13835,6712.742323,6469.34154,6270.447559,6103.107227,5959.21337,5833.373079,5721.827457,5621.857798,5531.437755,5449.018929,5373.393046,5303.60018,5238.865793,5178.556419,5122.147748,5115.10273
A.253.,A.215.21,0.7,A.218B.,2,34948.77716,30370.48735,27975.67777,26391.95351,25225.52945,24310.86398,23563.44873,22934.6076,22393.87498,21920.98509,21501.81254,21126.1408,20786.35515,20476.63695,20192.44565,19930.174,19686.9114,19460.27736,19248.30161,19221.82744
A.254.,A.215.21,0.7,A.218B.,1,4711.357003,4094.169235,3771.330961,3557.833066,3400.590364,3277.286605,3176.52943,3091.756934,3018.862126,2955.113026,2898.605425,2847.96206,2802.156409,2760.404075,2722.092959,2686.736776,2653.943154,2623.391188,2594.815268,2591.246352
A.255.,A.218S.,1,A.218S.,1,81999.99998,71257.99998,65639.0799,61923.20198,59186.43176,57040.36043,55286.70679,53811.26252,52542.54648,51433.0092,50449.50842,49568.07322,48770.83723,48044.1482,47377.35274,46761.98713,46191.22229,45659.47289,45162.1161,45099.99999
A.261.1,A.211.,1,A.261.1,1,10205.52245,8868.599006,8169.281749,7706.812536,7366.200708,7099.10584,6880.850333,6697.220094,6539.318751,6401.228415,6278.824277,6169.122975,6069.900905,5979.45894,5896.471182,5819.884262,5748.848244,5682.667995,5620.768167,5613.037346
A.261.2,A.211.,1,A.261.2,1,22813.11896,19824.60037,18261.36754,17227.57772,16466.18425,15869.12839,15381.24657,14970.76504,14617.79711,14309.11412,14035.49557,13790.27257,13568.47453,13366.30327,13180.79493,13009.59482,12850.80304,12702.86569,12564.49667,12547.21543
A.261.3,A.211.,1,A.261.3,1,9640.231717,8377.361362,7716.779757,7279.927024,6958.181913,6705.881609,6499.715421,6326.256584,6177.101502,6046.660082,5931.035991,5827.411118,5733.685025,5648.252701,5569.861691,5497.516971,5430.415686,5367.901205,5309.430051,5302.127445
A.262.11,A.211.,1,A.261.1,1,1267.263135,1101.251665,1014.414466,956.9876965,914.6924769,881.526171,854.4244562,831.6223083,812.0150268,794.8677624,779.6683199,766.0462426,753.725416,742.4948525,732.1899096,722.6797859,713.8589414,705.6410583,697.9546934,696.9947244
A.262.12,A.211.,1,A.261.2,1,65273.46991,56722.64535,52249.88424,49291.97881,47113.46066,45405.14941,44009.20968,42834.72959,41824.80887,40941.59731,40158.71306,39457.07483,38822.4607,38244.00321,37713.22206,37223.38001,36769.04096,36345.75891,35949.85399,35900.40845
A.262.13,A.211.,1,A.262.13,1,115844.7987,100669.1301,92731.04881,87481.47407,83615.12534,80583.28142,78105.82224,76021.40097,74229.03322,72661.54392,71272.1116,70026.87155,68900.58323,67873.95953,66931.94993,66062.59744,65256.25428,64505.02986,63802.39332,63714.63931
A.262.14,A.211.,1,A.262.13,1,690.1255676,599.7191182,552.4293571,521.1559137,498.1228027,480.0611113,465.3020721,452.884489,442.2067648,432.8687156,424.5914102,417.1731057,410.4634358,404.3475007,398.7356397,393.556621,388.7529696,384.2776786,380.0918416,379.5690622
A.262.15,A.211.,1,A.261.3,1,2474.501395,2150.341712,1980.780425,1868.646948,1786.059854,1721.298189,1668.378453,1623.854198,1585.568349,1552.086013,1522.407061,1495.808126,1471.750058,1449.820875,1429.699091,1411.129298,1393.905415,1377.858895,1362.850236,1360.975767
None,None,0,None,1,0,0,0,0,0,0,0,0,0,0,0,0,0,0,0,0,0,0,0,0
